text,intent
天佑德青稞酒公司是专业酒类生产厂家吗,knowledge_query
青稞酒酿造要求哪些原料,knowledge_query
老白干香型的酿造工艺是怎样的,knowledge_query
青稞和小麦有什么区别？,knowledge_query
青稞一般在哪些地方种植？,knowledge_query
青稞为什么种植在青藏高原？,knowledge_query
青稞的健康价值如何？,knowledge_query
青稞酒相比高粱酒有什么特点？,knowledge_query
酿青稞酒的水有什么特别之处？,knowledge_query
天佑德青稞种植基地通过有机认证了吗？,knowledge_query
天佑德青稞酒用到了哪些青稞品种？,knowledge_query
稀有青稞品种的种植情况如何？,knowledge_query
为什么互助地区适合酿造青稞酒？,knowledge_query
天佑德青稞酒公司的酿酒原料来自哪里？,knowledge_query
江南大学的培养优秀品质和技能的方式是怎样的,knowledge_query
天佑德酒青稞酒怎样,knowledge_query
原子城位于何处,knowledge_query
三木德是谁一个有趣的人物有什么故事他的生活充满了冒险和奇遇,knowledge_query
豉香型白酒的口感特点是什么,knowledge_query
青稞酒可以勾兑吗,knowledge_query
东和乡麻吉村油嘴湾花海农庄所在地,knowledge_query
减少大气酸化及其对环境的负面影响,knowledge_query
北山动植物有哪些种类,knowledge_query
酿酒细菌的功能是什么,knowledge_query
豉香型白酒的曲是什么,knowledge_query
制作馥郁香型白酒有什么特点,knowledge_query
九天保是谁,knowledge_query
老白干香型白酒的工艺特点传统浓郁独特香味,knowledge_query
老白干与其他白酒香型有何不同,knowledge_query
国家地理标志产品的定义是什么,knowledge_query
浓香型白酒分类,knowledge_query
红四星产品简介,knowledge_query
酒为何需陈藏,knowledge_query
青稞酒文学资料有哪些,knowledge_query
互助青稞酒是否国家地理标志产品依据何在,knowledge_query
青藏高原非常神奇吗,knowledge_query
凤香型白酒的酿造原料是什么,knowledge_query
凤香型白酒特征是什么,knowledge_query
芝麻香型白酒的发酵窖池特点是什么,knowledge_query
天佑德如何开创美好未来,knowledge_query
互助地区环境适宜酿造青稞酒,knowledge_query
西藏旅行有什么建议,knowledge_query
You know anyone from Tianyoude,knowledge_query
青稞酒的酿造工艺可以告诉我吗,knowledge_query
浓香型白酒的香气特点是什么,knowledge_query
新酒与老酒的区别,knowledge_query
请介绍一下李银会,knowledge_query
看花摘酒是一种欣赏花朵和品尝美酒的活动,knowledge_query
青稞酒受欢迎原因是什么,knowledge_query
德青稞酒原始检测记录存储期限是多久,knowledge_query
你和李银有什么有趣故事,knowledge_query
介绍一下青稞酒好吗,knowledge_query
你们公司的老板是谁,knowledge_query
卓扎滩原生态景区的地理位置和娱乐项目是什么,knowledge_query
天佑德青稞酒的特点有哪些,knowledge_query
互助土族妇女服饰颜色,knowledge_query
定义米香型白酒,knowledge_query
你可以介绍一下李银会吗,knowledge_query
我想了解充分青稞酒的酿造,knowledge_query
青藏铁路,knowledge_query
“青稞酒”的“青”和“黄”是什么意思？,knowledge_query
你能给我介绍一下八大作坊吗？,knowledge_query
你能给我介绍一下世义德吗？,knowledge_query
世义德散酒六大安全保障措施都是什么？,knowledge_query
青海湖,knowledge_query
你能给我介绍一下永庆和吗？,knowledge_query
你能给我介绍一下互助牌青稞酒吗？,knowledge_query
你能给我介绍一下零号酒样吗？,knowledge_query
互助土族盘绣是什么？,knowledge_query
介绍一下徐岩,knowledge_query
宋书玉是谁,knowledge_query
互助县鼓楼简介,knowledge_query
介绍T5D青稞酒产品,knowledge_query
青稞酒的产地,knowledge_query
李银会严肃时表现如何,knowledge_query
青稞酒是怎么酿造的？,knowledge_query
北山公园的景区有哪些,knowledge_query
天佑德青稞酒的产品结构是怎样的,knowledge_query
清蒸/清烧和天酿工艺有何区别,knowledge_query
qinghai历史文化,knowledge_query
天佑德青稞酒公司的企业原则是什么？,knowledge_query
天佑德青稞酒公司员工行为准则是什么？,knowledge_query
三江源是指什么？,knowledge_query
关于昆仑山的神话与文化,knowledge_query
西部土族民俗文化村在哪里？,knowledge_query
什么是山南地区,knowledge_query
天佑德青稞酒公司的员工信仰是什么？,knowledge_query
天佑德青稞酒公司企业文化中青稞信仰如何理解？,knowledge_query
天佑德青稞酒公司企业文化中青稞酒信仰如何理解？,knowledge_query
互助土族传统节日,knowledge_query
天佑德青稞酒公司企业文化中天佑德青稞酒信仰如何理解？,knowledge_query
青海省著名景点,knowledge_query
青稞酒的口感如何？,knowledge_query
北山互助圣母天池简介,knowledge_query
酒精含量高导致醉酒,knowledge_query
青稞酒含酒精度数高吗？,knowledge_query
青稞酒有哪些品牌？,knowledge_query
两干一湿在蒸酒过程中的含义,knowledge_query
青稞酒的历史悠久吗？,knowledge_query
天佑德合作单位有哪些,knowledge_query
喝青稞酒有什么讲究？,knowledge_query
天佑德公司是上市公司吗？,knowledge_query
天佑德公司到底有几个，为什么互助、西宁、西藏都有天佑德的身影？,knowledge_query
市面上有一些酒企在仿冒你们的产品或者包装，对一些消费者造成误解，对此您怎么看？,knowledge_query
天佑德未来的发展目标是什么？,knowledge_query
听说天佑德旗下还有青稞产业园项目，是干什么的？,knowledge_query
中国青稞酒研究院的由来？,knowledge_query
天佑德青稞酒公司的内部培训机构叫什么？,knowledge_query
天佑德青稞酒产品结构大致是什么？,knowledge_query
互助青稞酒和天佑德青稞酒有什么关系吗？,knowledge_query
青稞酒怎么喝才好喝？,knowledge_query
青稞酒温酒的原因是什么,knowledge_query
怎么才能温酒呢？,knowledge_query
藏族习俗,knowledge_query
喝青稞酒有什么好处吗？,knowledge_query
青稞中的健康成分会进入到青稞酒中吗？,knowledge_query
青稞酒有哪些品牌？,knowledge_query
天佑德存酒都有什么容器，分别有什么特点？,knowledge_query
介绍一下天佑德青稞酒包装车间大致情况？,knowledge_query
什么是酒海，酒海有什么特点？,knowledge_query
在白酒生产过程中，陶坛是干什么用的？,knowledge_query
介绍土火锅,knowledge_query
在白酒企业中，不锈钢罐用来储酒好吗？,knowledge_query
天佑德青稞酒的生产工艺有什么特色？,knowledge_query
喝青稞酒有什么讲究？,knowledge_query
酿酒的关键微生物是哪些,knowledge_query
介绍一下小黑,knowledge_query
青稞酒适合什么场合？,knowledge_query
青稞酒加水会变浑浊吗,knowledge_query
青稞酒能长时间保存吗？,knowledge_query
天佑德的未来发展目标是什么,knowledge_query
青稞酒和米酒区别大吗？,knowledge_query
青稞酒的产地在哪里？,knowledge_query
青稞酒的价格范围？,knowledge_query
青稞酒适合搭配什么食物？,knowledge_query
青稞酒的营养价值高吗？,knowledge_query
青稞酒有药用价值吗？,knowledge_query
青稞酒的最佳饮用温度？,knowledge_query
6大安全保障措施有哪些,knowledge_query
青稞酒的保质期是多久？,knowledge_query
天佑德对行业影响大吗,knowledge_query
青稞酒的酿造工艺复杂吗？,knowledge_query
清香型白酒的酿造原料是什么？,knowledge_query
清香型白酒的酒精度数是多少？,knowledge_query
清香型白酒的产地有哪些？,knowledge_query
清香型白酒的色泽是什么样的？,knowledge_query
清香型白酒有哪些特点？,knowledge_query
清香型白酒与其他类型的白酒有何不同？,knowledge_query
清香型白酒的酒窖有何特点？,knowledge_query
清香型白酒的市场表现如何？,knowledge_query
药香型白酒代表及产地？,knowledge_query
青稞酒有无添加剂吗？,knowledge_query
药香型白酒酿酒原料？,knowledge_query
药香型白酒酿造工艺？,knowledge_query
什么是药香型白酒串蒸工艺？,knowledge_query
药香型白酒酿造特点？,knowledge_query
药香型白酒与药酒的区别？,knowledge_query
药香型白酒成分？,knowledge_query
什么是米香型白酒？,knowledge_query
米香型白酒的代表产品有哪些？,knowledge_query
米香型白酒的特点有哪些？,knowledge_query
米香型白酒的主要原料、用水？,knowledge_query
米香型白酒的生产工艺？,knowledge_query
你有推荐哪些好酒,knowledge_query
青稞酒的文化意义是？,knowledge_query
纯粮固态发酵法与固液法结合法酿酒的差异及区分方法,knowledge_query
青稞酒的后味如何,knowledge_query
浓香型白酒的定义,knowledge_query
李灵儿是怎么了解到天佑德这个品牌的,knowledge_query
精选优质青稞,knowledge_query
豉香型白酒的口感？,knowledge_query
豉香型白酒的代表？,knowledge_query
馥郁香型白酒代表产品？,knowledge_query
馥郁香型白酒的工艺特点？,knowledge_query
馥郁香型白酒酿造原料及特点？,knowledge_query
馥郁香型白酒是用什么曲酿造？,knowledge_query
馥郁香型白酒发酵设备特点？,knowledge_query
馥郁香型白酒采用什么酿造工艺？,knowledge_query
天佑德主要销售什么产品？,knowledge_query
馥郁香型白酒用何曲酿造,knowledge_query
八大作坊,knowledge_query
请问关于青稞酒有什么问题,knowledge_query
天佑德青稞酒企业核心价值观是什么,knowledge_query
十二盘的由来是什么,knowledge_query
青稞酒信仰是天佑德青稞酒公司的核心文化,knowledge_query
青稞酒需要加糠皮来酿制,knowledge_query
青稞酒的酿造水源在哪里,knowledge_query
天佑德青稞酒公司的内部培训机构叫什么,knowledge_query
天佑德品牌的创始人是谁？,knowledge_query
请问哪儿有卖,knowledge_query
青稞酒温酒形成因素是什么,knowledge_query
请介绍一下天佑德青稞酒公司,knowledge_query
天佑德的目标是什么,knowledge_query
白酒为何使人头晕,knowledge_query
青稞酒含酒精吗,knowledge_query
白酒酿造原料和特点是什么,knowledge_query
天佑德的品牌理念是什么？,knowledge_query
你在那里学到了哪些东西,knowledge_query
特曲头曲二曲大曲小曲是什么种类的酒,knowledge_query
价位决定青稞酒的口味差异,knowledge_query
青稞酒是国家非遗吗,knowledge_query
蒸馏是提取纯净液体的过程,knowledge_query
天佑德青稞酒信仰解析,knowledge_query
天佑德的产品线有哪些？,knowledge_query
布达拉宫简介,knowledge_query
大昭寺简介,knowledge_query
小昭寺简介,knowledge_query
扎基寺简介,knowledge_query
哲蚌寺简介,knowledge_query
色拉寺简介,knowledge_query
甘丹寺简介,knowledge_query
扎什伦布寺简介,knowledge_query
萨迦寺简介,knowledge_query
天酿工艺的定义是什么,knowledge_query
适合储存白酒的不锈钢罐吗,knowledge_query
绒布寺简介,knowledge_query
桑耶寺简介,knowledge_query
什么是藏族的象雄文化？,knowledge_query
藏族的丧葬习俗,knowledge_query
藏族的饮食习惯,knowledge_query
藏族的民族禁忌,knowledge_query
藏族的服饰特色,knowledge_query
藏族的藏袍特色,knowledge_query
藏族的服装装饰都有哪些？,knowledge_query
献哈达,knowledge_query
西藏的饮酒饮食习惯,knowledge_query
青稞助学计划是什么,knowledge_query
天佑德品牌成立多久了？,knowledge_query
天佑德青稞酒的主要品牌是什么,knowledge_query
青海有什么特色手工艺品？,knowledge_query
青海的夜空值得观赏吗？,knowledge_query
青海有哪些户外活动？,knowledge_query
青海的高原反应严重吗？,knowledge_query
青海的旅游费用大概多少？,knowledge_query
青海的旅游景点有哪些？,knowledge_query
天佑德的市场定位如何？,knowledge_query
天佑德青稞酒公司的目标是什么,knowledge_query
天佑德品牌的核心竞争力？,knowledge_query
青海互助县情况概述,knowledge_query
天佑德青稞酒公司的业务是什么,knowledge_query
金禅酒祖身份和故事是什么,knowledge_query
天佑德青稞酒购买建议,knowledge_query
青海湖的最佳观光季节是什么时候？,knowledge_query
去青海自驾游有什么建议吗？,knowledge_query
青海的天空之境在哪里？,knowledge_query
我该如何规划青海的行程？,knowledge_query
白酒的生产流程是什么,knowledge_query
感兴趣的珍藏酒年份和口感了解吗,knowledge_query
德青稞酒酿造窖池数量及每窖投料量,knowledge_query
天佑德的用户评价怎样？,knowledge_query
大曲是一种中国传统的发酵食品,knowledge_query
天佑德品牌的设计风格？,knowledge_query
香型酿造工艺是如何产生芝麻香味的,knowledge_query
CNAS认可对公司检测中心的意义是什么,knowledge_query
世义德与其他散酒的区别是什么,knowledge_query
介绍家之德产品,knowledge_query
天佑德品牌的发展战略是？,knowledge_query
天佑德的售后服务怎么样？,knowledge_query
天佑德的价格区间是多少？,knowledge_query
购买天佑德青稞酒的建议,knowledge_query
获荣誉天佑德酒检测中心,knowledge_query
塔尔寺简介,knowledge_query
塔尔寺艺术三绝？,knowledge_query
塔尔寺八宝如意塔及简介,knowledge_query
塔尔寺大金瓦殿简介,knowledge_query
青藏高原上的明故宫——瞿昙寺,knowledge_query
被誉为“湟水北岸诸寺之母”——佑宁寺,knowledge_query
文成公主庙,knowledge_query
最佳饮用方式,knowledge_query
青稞酒品牌有哪些,knowledge_query
老白干的代表产品是香型白酒,knowledge_query
天佑德有无环保认证？,knowledge_query
天佑德的产品质量如何？,knowledge_query
青海的藏族文化体验怎么样？,knowledge_query
青海旅游的最佳路线是什么？,knowledge_query
去青海需要特别准备什么吗？,knowledge_query
青海的住宿条件怎么样？,knowledge_query
高度白酒比低度白酒质量好吗,knowledge_query
有什么酒品推荐吗,knowledge_query
天佑德青稞酒厂每年要用掉多少青稞？,knowledge_query
天佑德青稞酒产品质量有保障吗？,knowledge_query
听说天佑德酒厂是国家5A级旅游景区？,knowledge_query
天佑德青稞酒的酿酒规模有多大？,knowledge_query
说一下互助土族传统服饰,knowledge_query
安昭舞是什么？,knowledge_query
你能给我介绍一下家之德产品吗？,knowledge_query
你能给我介绍一下人之德产品吗？,knowledge_query
杰桑·索南达杰的故事,knowledge_query
日喀则是？,knowledge_query
介绍一下纳顿庄园,knowledge_query
你能给我介绍一下T5D青稞酒产品吗？,knowledge_query
你能给我介绍一下七彩互助青稞酒吗？,knowledge_query
祁连黄蘑菇,knowledge_query
你能给我说一下产品价格吗？,knowledge_query
白酒酿造到底是怎么一回事？,knowledge_query
为什么天佑德青稞酒用青稞酿酒，就不能用燕麦或者荞麦酿酒吗？,knowledge_query
青稞在种植的时候有个节日叫什么？,knowledge_query
开耕节在什么地方举行？,knowledge_query
在开耕节那天人们会干什么？,knowledge_query
青稞丰收的节日是什么？,knowledge_query
金银滩景区介绍,knowledge_query
青稞酒搭配哪些菜,knowledge_query
天佑德技术中心专委会的作用是什么,knowledge_query
天佑德有线上商城吗？,knowledge_query
青海有哪些著名的寺庙？,knowledge_query
青海的气候条件如何？,knowledge_query
青海旅游安全吗？,knowledge_query
青海的交通便利吗？,knowledge_query
天佑德的广告口号是什么？,knowledge_query
茶卡盐湖为什么被誉为天空之境？,knowledge_query
茶卡盐湖哪年对外开放？,knowledge_query
茶卡盐湖盐度最高的季节和原因？,knowledge_query
茶卡盐湖形成的原因？,knowledge_query
茶卡盐湖是最大的盐湖吗？,knowledge_query
班彦村扶贫产业都有哪些？,knowledge_query
班彦村什么时候被评为全国脱贫攻坚楷模的？,knowledge_query
班彦村村民如何通过盘绣致富？,knowledge_query
班彦村如何是红色景区？,knowledge_query
佑宁寺简介。,knowledge_query
佑宁寺建筑风格。,knowledge_query
佑宁寺因什么而闻名？,knowledge_query
发酵效果出色,knowledge_query
佑宁寺有多少间经堂？,knowledge_query
佑宁寺周边环境。,knowledge_query
班彦村村史馆主要介绍了什么？,knowledge_query
青海湖的气候特征有哪些？,knowledge_query
青海湖的地理位置？,knowledge_query
青海湖的名称起源？,knowledge_query
青海湖中的5个湖内岛屿有哪些？,knowledge_query
青海湖环湖及周边主要景点有哪些？,knowledge_query
原子城的地理位置？,knowledge_query
原子城的历史文化意义是什么？,knowledge_query
青稞酒的酿造过程介绍一下,knowledge_query
青海的民族节庆有哪些？,knowledge_query
青海湖人口概况？,knowledge_query
青海湖的交通概况？,knowledge_query
卓扎滩原生态景区的地理位置及娱乐项目有哪些？,knowledge_query
卓扎滩原生态景区何时被评为“全国乡村旅游重点村”？,knowledge_query
东和乡麻吉村油嘴湾花海农庄的地理位置？,knowledge_query
油嘴湾花海的简介？,knowledge_query
油嘴湾花海农庄的的接待量如何？,knowledge_query
青海发展旅游的“一圈三线”指什么,knowledge_query
青海十大特产,knowledge_query
青海5A级旅游景区有哪些？,knowledge_query
青海的野生动物园值得去吗？,knowledge_query
标签配料表中物料排列是否随意或规定,knowledge_query
请介绍一下红五星产品,knowledge_query
白酒与药酒的区别是香味,knowledge_query
浓兼酱白酒工艺简介,knowledge_query
酒精浓度与酿造方法的关系,knowledge_query
浓兼酱白酒的酿造和工艺步骤,knowledge_query
上市年份及股票代码是什么,knowledge_query
糖化淀粉转化为糖,knowledge_query
班彦村被评为全国楷模的时间是什么时候,knowledge_query
油嘴湾花海是什么,knowledge_query
白酒生产中陶坛的作用是什么,knowledge_query
陶坛在白酒生产中的用途是什么,knowledge_query
陶坛在白酒制造中的功能是什么,knowledge_query
最大的盐湖是茶卡盐湖吗,knowledge_query
茶卡盐湖最高盐度季节夏季原因高温蒸发水分流失,knowledge_query
适合什么场合饮用,knowledge_query
凤香型白酒起源与文化,knowledge_query
香气浓郁,knowledge_query
茅台镇是茅台酒的产地,knowledge_query
区分新酒和老酒的方法是什么,knowledge_query
虚拟人功能是什么,knowledge_query
设计者是谷歌研发团队我是AI助手,knowledge_query
天佑德青稞酒检测入窖指标发酵情况,knowledge_query
芝麻香型白酒发酵窖池是什么,knowledge_query
青稞酒包含青稞健康成分吗,knowledge_query
虚拟人的最大优势是灵活性和可定制性,knowledge_query
开发者是谁,knowledge_query
什么是实验室分类,knowledge_query
第一第二第三方实验室的定义,knowledge_query
实验室分类依据是什么,knowledge_query
分别解释第一方第二方和第三方实验室,knowledge_query
你的名字和身份是什么,knowledge_query
企业投资建设酒糟场,knowledge_query
青海湖的人口情况,knowledge_query
请告诉我更多青稞酒信息,knowledge_query
北山国家森林公园面积多大,knowledge_query
天佑德存酒的容器和特点是什么,knowledge_query
天佑德青稞酒的特点是什么,knowledge_query
酱香型白酒按其生产工艺分为哪几个类型？,knowledge_query
茅台酒的十大工艺特点？,knowledge_query
什么是浓香型白酒？,knowledge_query
浓香型白酒香气特点？,knowledge_query
浓香型白酒的酿造工艺？,knowledge_query
浓香型白酒代表品牌？,knowledge_query
浓香型白酒的风格特点？,knowledge_query
什么是单粮型浓香型白酒？,knowledge_query
什么是多粮型浓香型白酒？,knowledge_query
什么是清香型白酒？,knowledge_query
介绍永庆和,knowledge_query
什么是大曲？,knowledge_query
大曲和小曲有啥区别？,knowledge_query
天佑德为啥要使用大曲而不用小曲？,knowledge_query
天佑德青稞酒使用的大曲有什么特点？,knowledge_query
什么是白霜满天星曲？,knowledge_query
什么是槐瓤曲？,knowledge_query
青稞酒中白霜满天星曲和槐瓤曲为什么要配合起来使用？,knowledge_query
青稞酒大曲中豌豆有什么作用？,knowledge_query
天佑德大曲为啥要用青稞和豌豆，而不用小麦或者大麦？,knowledge_query
九天保,knowledge_query
天佑德青稞酒企业文化的青稞精神是什么,knowledge_query
凤香型白酒标准是怎样,knowledge_query
天佑德青稞基地有机认证了吗,knowledge_query
天佑德的大曲是自己做的吗？,knowledge_query
天佑德使用的大曲和其他白酒的大曲配方上有什么区别？,knowledge_query
大曲质量如何控制？,knowledge_query
青稞酒酿造的微生物有什么作用？,knowledge_query
青稞酒酿造微生物在青稞酒酿造过程的主要作用有哪些？,knowledge_query
与酿酒有关的酵母菌有什么作用？,knowledge_query
与酿酒有关的霉菌有什么作用？,knowledge_query
与酿酒有关的细菌有什么作用？,knowledge_query
青稞酒的酿酒微生物有什么特点？,knowledge_query
什么是“天酿工艺”？,knowledge_query
青稞清香白酒特点介绍,knowledge_query
佑宁寺的风格,knowledge_query
张大工是做什么的,knowledge_query
清香型白酒是一种香气纯净清爽怡人的白酒,knowledge_query
系统是否有安全措施,knowledge_query
土族与土家族的区别是什么,knowledge_query
张大工,knowledge_query
清香型白酒与其他白酒有何不同,knowledge_query
纯粮酿造并不代表一定是好酒,knowledge_query
酱香型白酒代表产品有哪些,knowledge_query
游泳方法关键是什么能给些具体建议吗,knowledge_query
期待与你一同探索青稞酒之旅,knowledge_query
请问贵公司的特色产品是什么,knowledge_query
关于天佑德青稞酒公司信息,knowledge_query
酒原料源自何处,knowledge_query
天佑德青稞酒有什么产品推荐,knowledge_query
天佑德青稞酒有哪些推荐产品,knowledge_query
请推荐一下天佑德青稞酒的产品,knowledge_query
采用了哪些青稞种植品种,knowledge_query
佑宁寺以何闻名,knowledge_query
推荐购买“国之德·真年份6年”,knowledge_query
介绍天佑德青稞酒公司的信息,knowledge_query
产品价格可以告诉我价钱吗,knowledge_query
什么是岩木合一？,knowledge_query
什么是天人合一？,knowledge_query
酿造车间是怎样设计的？,knowledge_query
酒是被发现的，还是被发明的？,knowledge_query
纯粮固态发酵法和固液法、结合法酿的酒有什么不同？,knowledge_query
介绍一下青海湖,knowledge_query
固态法白酒是什么意思？,knowledge_query
液态法白酒是什么意思？,knowledge_query
天佑德的品牌话术,knowledge_query
尕面片是什么食物,knowledge_query
固液法白酒是什么意思？,knowledge_query
天佑德青稞酒装甑操作原则是什么,knowledge_query
“天酿工艺”生产的青稞酒有何区别？,knowledge_query
什么是“清蒸清烧四次清”？,knowledge_query
听说汾酒采用“清蒸清烧二次清”工艺，天佑德为什么不学汾酒？,knowledge_query
为什么青稞酒不采用混蒸混烧工艺？,knowledge_query
为什么青稞酒酿酒过程中要加糠皮（谷壳）？,knowledge_query
天佑德青稞酒为什么要用花岗岩窖池？,knowledge_query
为什么青稞酒窖池底部要铺一层松木板？,knowledge_query
青稞酒发酵要用多少天？,knowledge_query
青稞酒为什么要采用低温入窖？,knowledge_query
天佑德在酿造过程中为什么要遵循“稳、准、细、净”的工艺原则？,knowledge_query
发酵过程中什么是“前缓、中挺、后缓落”？,knowledge_query
什么是发酵？,knowledge_query
天佑德品牌成立有多少时间,knowledge_query
天佑德有多久,knowledge_query
天佑德葡萄酒系列产品介绍,knowledge_query
北山的互助有什么独特优势,knowledge_query
天佑德的成立时间,knowledge_query
青稞酒是白酒,knowledge_query
海拔2800,knowledge_query
天之德,knowledge_query
国之德,knowledge_query
家之德,knowledge_query
人之德,knowledge_query
第三代金标,knowledge_query
第三代银标,knowledge_query
天佑德青稞酒福酒F6,knowledge_query
天佑德青稞酒福酒F8,knowledge_query
天佑德青稞酒福酒F9,knowledge_query
清香白酒产地哪些,knowledge_query
什么是蒸馏？,knowledge_query
蒸酒过程中什么是“两小一大”？,knowledge_query
请介绍一下中国白酒的香型,knowledge_query
请介绍下世界美酒特色产区,knowledge_query
天佑德青稞酒好喝吗？,knowledge_query
青海有哪些著名的景区,knowledge_query
介绍一下阿拉嘉宝青稞酒的情况,knowledge_query
介绍一下西藏阿拉嘉宝青稞酒业有限责任公司发展情况,knowledge_query
介绍一下西藏阿拉嘉宝青稞酒业有限责任公司在社会责任方面相关情况,knowledge_query
天佑德青稞酒干部文化“八管”是什么意思？,knowledge_query
蒸酒过程中什么是“两干一湿”？,knowledge_query
天佑德青稞酒在装甑操作中遵循的六字原则是什么？,knowledge_query
“缓气流酒、大汽追尾”的作用是什么？,knowledge_query
为什么要进行“大气排酸”？,knowledge_query
什么是看花摘酒？,knowledge_query
天佑德青稞酒酿造窖池一共有多少个？,knowledge_query
天佑德青稞酒原酒为什么不直接勾调出厂？,knowledge_query
青稞原酒为什么要进行陈藏？,knowledge_query
原酒是不是贮存时间越长酒越好？,knowledge_query
青稞酒是白酒/蒸馏酒吗？,knowledge_query
什么是清香型白酒？,knowledge_query
天佑德青稞酒捐资助学项目的公益文化是什么？,knowledge_query
为什么青稞酒离不开互助县？,knowledge_query
关于青海天佑德科技投资管理集团的介绍,knowledge_query
青海天佑德科技投资管理集团的五大业务板块分别是什么？,knowledge_query
青海天佑德科技投资管理集团中的“两院一校”分别是什么,knowledge_query
天佑德青稞酒面对未来发展是如何规划的？,knowledge_query
天佑德青稞酒公司生产能力,knowledge_query
马克斯威酒庄介绍,knowledge_query
天佑德青稞酒公司主要发展历程,knowledge_query
天佑德青稞酒的四美战略是什么意思,knowledge_query
天佑德未来发展会越来越好吗？,knowledge_query
美国的酒类TTB认证是怎么回事？,knowledge_query
天佑德主要获得的企业荣誉有哪些？,knowledge_query
芝麻香型白酒的特点是什么,knowledge_query
班彦村村民利用盘绣赚钱,knowledge_query
坚持以德青稞酒为核心发展,knowledge_query
天佑德青稞酒的特点是什么,knowledge_query
清香白酒的颜色如何,knowledge_query
土族纳顿节的含义是什么,knowledge_query
青稞酒与其他香型白酒有什么差别？,knowledge_query
青稞酒中有哪些是其他清香型白酒没有的优势？,knowledge_query
什么叫原浆酒？,knowledge_query
白酒酿酒过程中“掐头去尾”什么意思？,knowledge_query
什么是特曲酒、头曲酒、二曲酒、大曲酒、小曲酒？,knowledge_query
什么是勾兑？,knowledge_query
青稞酒是勾兑的吗？,knowledge_query
青稞酒是用酒精勾兑的吗？,knowledge_query
白酒喝了上头是什么原因？,knowledge_query
喝白酒为什么会有头晕的现象？,knowledge_query
高度白酒是不是比低度的白酒质量好？,knowledge_query
好酒源于好原料吗？,knowledge_query
纯粮酿造的酒就一定是好酒吗？,knowledge_query
天佑德青稞酒公司企业文化中青藏文化信仰如何理解？,knowledge_query
天佑德青稞酒公司企业文化中青稞精神如何理解？,knowledge_query
阿拉嘉宝是什么意思,knowledge_query
青海的酸奶有什么不一样,knowledge_query
天佑德青稞酒的特点是什么？,knowledge_query
目前天佑德青稞酒原酒储量多少？,knowledge_query
互助土族传统节日有什么？,knowledge_query
回族习俗的有哪些？,knowledge_query
为什么说“互助县之于青稞酒”就像“茅台镇之于茅台酒”？,knowledge_query
互助土族风俗习惯,knowledge_query
雍布拉康,knowledge_query
小黑青稞酒,knowledge_query
具有独特特点,knowledge_query
白酒窖池采用何种香型,knowledge_query
AI数字虚拟人的优势是什么,knowledge_query
请介绍青稞酒的酿造工艺s,knowledge_query
土族的饮食禁忌是什么,knowledge_query
青稞酒为什么喝了不上头、口不干、醒酒快？,knowledge_query
青稞酒带有微黄色正常吗？,knowledge_query
青稞酒是真正的有机产品吗？,knowledge_query
青稞酒加水浑浊吗？,knowledge_query
青稞酒能不能长时间存放，是不是存放时间越长酒质越好？,knowledge_query
青稞酒有保质期吗？,knowledge_query
青稞酒添加甜味剂了吗？,knowledge_query
青稞酒为什么入口有点冲（chong四声）辣？,knowledge_query
小酒厂的青稞酒和你们的青稞酒有什么区别？,knowledge_query
如何正确的品评青稞酒？,knowledge_query
青稞酒入口后的后味如何？,knowledge_query
青稞酒怎么喝更舒服？,knowledge_query
为什么青稞酒饮用前要温酒？,knowledge_query
为什么不同价位青稞酒口味不同？,knowledge_query
青稞酒的曲香味是怎么来的？,knowledge_query
纯粮固态发酵法和固液法、结合法酿的酒有什么不同？,knowledge_query
固态法白酒是什么意思？,knowledge_query
液态法白酒是什么意思？,knowledge_query
固液法白酒是什么意思？,knowledge_query
新酒和老酒怎么区分？,knowledge_query
白酒挂杯越明显越是好酒吗？,knowledge_query
酒瓶上GB/T10781.2是什么意思？,knowledge_query
酒瓶上GB/T19331是什么意思？,knowledge_query
青稞中的健康成分会进入到青稞酒中吗？,knowledge_query
青稞酒中检测出了哪些微量成分？,knowledge_query
掐头去尾蒸酒时截除酒头和酒尾,knowledge_query
雍布拉康的含义,knowledge_query
固液法白酒的定义是什么,knowledge_query
青稞种植地点,knowledge_query
青海湖交通情况,knowledge_query
白酒豉香型的酿造工艺,knowledge_query
岩木合一的定义是什么,knowledge_query
十大特产,knowledge_query
天佑德青稞酒因其源自中国青稞酒而得名,knowledge_query
咨询关于旅行,knowledge_query
茶卡盐湖形成原因地质活动干旱气候和盐水浸蚀,knowledge_query
为何在互助西宁西藏均可见,knowledge_query
有无青稞酒的特别之处,knowledge_query
土族人特点,knowledge_query
去除不适合酿酒的部分,knowledge_query
公司青稞酒有哪些种类,knowledge_query
酱香型白酒的生产工艺分类有哪几种,knowledge_query
青稞酒低温入窖的原因是什么,knowledge_query
青稞酒怎么样推荐,knowledge_query
简洁表达对青稞酒的看法和推荐,knowledge_query
青稞丰收节是什么庆祝方式是怎样的,knowledge_query
酒瓶上的GB/T19331表示何含义,knowledge_query
了解天佑德青稞酒公司资讯的渠道是什么,knowledge_query
兼具香味特点的白酒,knowledge_query
土族婚礼的部分,knowledge_query
青稞酒大曲中的豌豆作用是什么,knowledge_query
出口型简介,knowledge_query
夏琼寺,knowledge_query
白马寺,knowledge_query
大佛寺,knowledge_query
互助北山国家森林公园面积多大？,knowledge_query
互助北山国家森林公园地理位置？,knowledge_query
互助北山公园由哪些景区组成 ？,knowledge_query
互助北山国家森林公园主要有哪些景点？,knowledge_query
互助十二盘的由来？,knowledge_query
互助北山景区获得了哪些荣誉？,knowledge_query
互助北山独特优势有哪些？,knowledge_query
互助北山公园的最佳参观时间？,knowledge_query
互助北山有哪些动植物种类？,knowledge_query
互助北山“圣母天池”简介？,knowledge_query
互助土族妇女服饰有哪些颜色？,knowledge_query
土族语言和文字与汉族有什么区别？,knowledge_query
土族与土家族的有什么区别？,knowledge_query
土族饮食习惯,knowledge_query
三木德是谁,knowledge_query
米香型白酒工艺流程？,knowledge_query
米香型白酒的发酵设备、周期及储藏容器？,knowledge_query
米香型白酒的小曲制作原料及特点？,knowledge_query
什么是小曲固态法白酒？,knowledge_query
什么是兼香型白酒？,knowledge_query
兼香型白酒采用什么大曲？,knowledge_query
兼香型白酒采用什么原料酿酒？,knowledge_query
兼香型白酒采用什么窖池？,knowledge_query
什么是凤香型白酒，代表产品是什么？,knowledge_query
青海省互助县概况,knowledge_query
互助县标志性建筑——鼓楼介绍,knowledge_query
互助县区域内的寺庙有哪些,knowledge_query
互助的特产有哪些？,knowledge_query
互助“花儿”是什么？,knowledge_query
门源县名字的由来。,knowledge_query
门源百里油菜花景区介绍,knowledge_query
门源的地方风俗。,knowledge_query
背口袋,knowledge_query
凤香型白酒的起源与文化？,knowledge_query
凤香型白酒产地在哪里？,knowledge_query
酿酒酵母的作用是发酵酒精,knowledge_query
Tianyoude Qingkejiu Company's purpose is,knowledge_query
凤香型白酒酿造原料什么？,knowledge_query
凤香型白酒制曲原料是什么？,knowledge_query
凤香型白酒发酵设备是什么？,knowledge_query
凤香型白酒风格特征是什么？,knowledge_query
凤香型白酒的存储与勾调？,knowledge_query
凤香型白酒的执行标准是什么？,knowledge_query
什么是芝麻香型白酒？,knowledge_query
芝麻香型白酒的代表产品有哪些？,knowledge_query
芝麻香型的酿造工艺？,knowledge_query
芝麻香型白酒的酒质特点？,knowledge_query
芝麻香型白酒所用的发酵窖池？,knowledge_query
Advice on choosing Tianyoude Highland Barley Liquor,knowledge_query
青稞酒存放时间对酒质有影响吗能改善酒质吗,knowledge_query
芝麻香型白酒的酿酒原料？,knowledge_query
芝麻香型白酒的认定时间与地点？,knowledge_query
芝麻香型白酒所用的发酵窖池有什么特点？,knowledge_query
芝麻香型白酒的原料中为什么要加入小麦和麸皮？,knowledge_query
什么是豉香型白酒？,knowledge_query
豉香型白酒的特点？,knowledge_query
豉香型白酒的酿酒原料？,knowledge_query
豉香型白酒采用什么曲？,knowledge_query
豉香型白酒的酿造工艺？,knowledge_query
豉香型白酒的生产工艺流程？,knowledge_query
豉香型白酒采用什么容器发酵？,knowledge_query
青稞酒好喝吗有没有推荐,knowledge_query
酿酒菌的来源在哪,knowledge_query
青稞酒的主要成分是什么,knowledge_query
德青稞酒公司服务热线多少,knowledge_query
汾酒特点清香型白酒,knowledge_query
豉香型白酒的原料是豉或以其为主的发酵物,knowledge_query
适合何种场合饮用,knowledge_query
德青稞酒企业文化中的青稞信仰的涵义是什么,knowledge_query
请介绍天佑德青稞酒公司的产品,knowledge_query
天佑德青稞酒公司是做酒业的,knowledge_query
互助特产有哪些,knowledge_query
不能用燕麦或荞麦替代,knowledge_query
豉香型白酒是指带有豆豉的风味的白酒,knowledge_query
茶卡盐湖被誉为天空之境的原因是什么,knowledge_query
推荐几款100以内的青稞酒,knowledge_query
了解公司青稞酒的种类,knowledge_query
天佑德出口海外了吗,knowledge_query
请介绍天佑德青稞酒公司的产品,knowledge_query
“清蒸清烧四次清”是一道烹饪方法吗,knowledge_query
你们的青稞酒销售渠道是怎样的,knowledge_query
药香型白酒的成分是什么,knowledge_query
藏族的礼仪有什么？,knowledge_query
藏族传统节日有哪些？,knowledge_query
青稞酒有什么文学著作或资料吗？,knowledge_query
湟源陈醋又是啥？,knowledge_query
雍布拉康是什么意思？,knowledge_query
什么是发酵？,knowledge_query
天佑德青稞酒公司上市以后看不见酒糟、闻不见酒香，外界传言现在生产的酒都是勾兑的，这是真的吗？,knowledge_query
酿造产生的酒糟都去了哪里？,knowledge_query
介绍介绍拉萨,knowledge_query
丢糟子时营养物质全部利用掉了吗？,knowledge_query
热贡唐卡？,knowledge_query
西藏的宗教,knowledge_query
能详细解释一下吗,knowledge_query
兼香型白酒的代表产品是哪些,knowledge_query
OpenAI 制作 GPT-3 是为了令人惊叹的语言生成能力,knowledge_query
青稞酒相较高粱酒有何不同,knowledge_query
馥郁香型白酒的代表产品是什么,knowledge_query
浓香型白酒的特点是香气浓郁,knowledge_query
GB/T19331是一种标准,knowledge_query
青稞酒窖池底部铺松木板的作用是什么,knowledge_query
慕容拾寅,knowledge_query
故事概述,knowledge_query
你是在广袤的青稞田间出生的吗,knowledge_query
茶卡盐湖面积是多少-> 茶卡盐湖的面积是多少,knowledge_query
李灵儿的虚拟身份有何特殊技能或功能,knowledge_query
白酒中香味浓郁,knowledge_query
请介绍天佑德青稞酒的特色,knowledge_query
平常你推荐过哪些好酒,knowledge_query
茶卡盐湖位于哪个城市省,knowledge_query
勾兑是指混合不同的物质或液体,knowledge_query
每年消耗青稞量,knowledge_query
有何特殊功能或技能,knowledge_query
老白干香型白酒是一种什么样的酒,knowledge_query
天佑德青稞酒的生产特色是什么,knowledge_query
酿酒中的霉菌的作用是什么,knowledge_query
介绍七彩互助青稞酒,knowledge_query
天佑德青稞酒酿造技艺中清蒸清烧四次清具体是怎么理解的？,knowledge_query
什么是天酿工艺？,knowledge_query
“清蒸清烧四次清”工艺和天酿工艺有什么不同？,knowledge_query
天佑德青稞酒酿酒菌来自哪里呢？,knowledge_query
藏族主要居住地是什么？,knowledge_query
新酒和老酒怎么区分？,knowledge_query
手抓羊肉怎么做的,knowledge_query
酿酒原料青稞质量是怎么保障的？,knowledge_query
什么是酒海,knowledge_query
日月山景区介绍,knowledge_query
天佑德青稞酒为什么被称为“中国青稞酒之源”？,knowledge_query
青海历史文化,knowledge_query
天佑德青稞酒是国家非遗吗？,knowledge_query
甜醅是什么？,knowledge_query
天人合一的酿酒哲学是什么？,knowledge_query
明朝著名历史人物刘敏宽和青稞酒有什么联系？,knowledge_query
天佑德除了青稞酒以外，还有其他的青稞衍生产品吗？,knowledge_query
“散酒有品牌，就喝世义德”，那么世义德和其他散酒有什么区别？,knowledge_query
西藏的酒文化,knowledge_query
回族有哪些忌讳？,knowledge_query
那曲地区是指哪里？,knowledge_query
现在市面上有很多的假酒，怎么区分真假呢？,knowledge_query
面对全国市场及天佑德品牌的发展，天佑德以什么产品作为代表？,knowledge_query
天佑德青稞酒获得过哪些奖项呢？,knowledge_query
天佑德出口到海外了吗？,knowledge_query
推荐天佑德青稞酒的产品有哪些,knowledge_query
青稞酒与其他香型白酒的区别,knowledge_query
三江源,knowledge_query
青稞酒与什么美食搭配更合适？,knowledge_query
青稞酒研究院,knowledge_query
轮子秋是什么意思?,knowledge_query
天佑德威士忌是在哪里产的？,knowledge_query
茶卡盐湖,knowledge_query
青稞酒温酒文化是怎么形成的？,knowledge_query
青稞酒有什么特殊的喝酒仪式吗？,knowledge_query
介绍一下门源奶皮,knowledge_query
白酒挂杯越明显越是好酒吗？,knowledge_query
藏餐文化,knowledge_query
土族习俗是什么？,knowledge_query
酒瓶上GB/T10781.2是什么意思？,knowledge_query
西藏象雄古国和苯教是什么意思？,knowledge_query
酥油茶,knowledge_query
甜茶,knowledge_query
糌粑,knowledge_query
藏面,knowledge_query
青稞蛋酥,knowledge_query
牦牛酸奶,knowledge_query
牦牛肉干,knowledge_query
鲁朗石锅鸡,knowledge_query
牦牛火锅,knowledge_query
烤羊藏餐,knowledge_query
纳木措,knowledge_query
羊卓雍措,knowledge_query
玛旁雍措,knowledge_query
拉姆拉措,knowledge_query
我也喜欢尝试青稞酒是什么,knowledge_query
馥郁香型白酒酿造工艺是什么,knowledge_query
馥郁香型白酒储存及风格特点？,knowledge_query
什么是老白干香型白酒？,knowledge_query
老白干香型白酒的工艺特点是什么？,knowledge_query
老白干香型的酿造工艺是什么？,knowledge_query
老白干香型与其他白酒香型的区别是什么？,knowledge_query
老白干香型白酒的贮存容器？,knowledge_query
老白干香型白酒的香味成分特点及风味特征？,knowledge_query
互助牌老字号 普标,knowledge_query
互助牌老字号 金标,knowledge_query
海拔2800,knowledge_query
海拔3200,knowledge_query
海拔3800,knowledge_query
海拔4600,knowledge_query
天宝,knowledge_query
金宝,knowledge_query
你能给我推荐几款高端的青稞酒吗？,knowledge_query
你能给我推荐几款中档价位段的青稞酒吗？,knowledge_query
你能给我推荐几款100元以内的青稞酒吗？,knowledge_query
八大作坊,knowledge_query
天佑德青稞酒公司官方服务热线是多少？,knowledge_query
天佑德青稞酒公司企业管理战略是什么？,knowledge_query
天佑德青稞酒公司的负责人是谁？,knowledge_query
分享天佑德青稞酒的优点,knowledge_query
固态法白酒的定义是什么,knowledge_query
彩宝,knowledge_query
生态五星20版,knowledge_query
生态四星20版,knowledge_query
第三代出口型国际版,knowledge_query
岩窖20,knowledge_query
出口型系列52°,knowledge_query
生态五星,knowledge_query
生态四星,knowledge_query
生态三星,knowledge_query
新品活动,knowledge_query
保证青稞酒酿造过程,knowledge_query
青稞酿酒质量如何保证,knowledge_query
纯粮固态固液和结合发酵酿造的酒有何差异如何区分它们,knowledge_query
浓香型白酒的代表品牌是什么,knowledge_query
青稞酒的历史与特点是什么,knowledge_query
白霜满天星曲是什么,knowledge_query
酿造产生的酒糟去哪里了,knowledge_query
请告诉我青稞酒的酿造过程,knowledge_query
米香型白酒原料和用水是什么,knowledge_query
对青稞美酒和青藏高原的独特见解是什么,knowledge_query
青稞酒配槐瓤曲白霜满天星曲作用,knowledge_query
原子城历史文化意义(重要作用)是什么,knowledge_query
开耕节人们会耕种农田或进行传统农耕活动,knowledge_query
单粮型浓香型白酒是仅使用一种原料制成的浓郁香醇的白酒,knowledge_query
青稞酒的销售渠道是什么,knowledge_query
请介绍福酒,knowledge_query
白酒串蒸工艺是指利用药香来蒸制白酒的一种方法,knowledge_query
介绍海拔系列,knowledge_query
天佑德威士忌产地,knowledge_query
检测塑化剂指标,knowledge_query
酒越好,knowledge_query
传承独特,knowledge_query
“两小一大”是判断蒸酒是否符合要求的依据,knowledge_query
天佑德青稞酒的大曲特点是什么,knowledge_query
具体是怎么操作的,knowledge_query
凤香型白酒的储存和调配方法,knowledge_query
创造力是一种突然冒出的灵感和新点子,knowledge_query
酒精度的高低与肝损伤之间有关系吗？,knowledge_query
白酒喝多少对人体不会造成伤害？,knowledge_query
青稞酒从原料到出厂一共经过了多少道检验？,knowledge_query
青稞酒酿造对青稞原料都有哪些要求？,knowledge_query
如何保证青稞酒的酿造过程？,knowledge_query
不同批次的同一款青稞酒质量完全一样吗？,knowledge_query
天佑德青稞酒采用了多少个检测标准？,knowledge_query
天佑德青稞酒原始检测记录保存年限是多长？,knowledge_query
青稞酒的骨架成分是什么？,knowledge_query
什么是国家地理标志产品？,knowledge_query
听说互助青稞酒是国家地理标志产品？,knowledge_query
天佑德品牌历史,knowledge_query
天佑德青稞酒的历史,knowledge_query
天佑德青稞酒的发展历程,knowledge_query
天佑德青稞酒的发展历史,knowledge_query
酱香型白酒窖池有哪些,knowledge_query
青稞酒生产有何独特之处,knowledge_query
青稞酒的特点如何,knowledge_query
土族的饮食习惯有哪些？,knowledge_query
品牌成立多久,knowledge_query
天佑德青稞酒的历史是什么,knowledge_query
天佑德青稞酒的发展历程是什么,knowledge_query
土族饮食禁忌有哪些？,knowledge_query
土族的丧葬实行哪种仪式？,knowledge_query
土族人家有什么特点？,knowledge_query
土族盘绣有哪些图案？,knowledge_query
土族婚礼有哪几个部分？,knowledge_query
土族纳顿节是什么意思？,knowledge_query
茶卡盐湖的旅游资源什么时候开发的？,knowledge_query
茶卡盐湖位于哪个城市，哪个省？,knowledge_query
茶卡盐湖面积是多少？,knowledge_query
茶卡盐湖的盐和普通盐的区别？,knowledge_query
土族盘绣图案有哪些,knowledge_query
推荐款特别好的天佑德青稞酒给我,knowledge_query
原子城景区介绍,knowledge_query
历史上有哪些人为青稞酒的发展做了哪些贡献呢？,knowledge_query
金禅酒祖是谁？,knowledge_query
伊尹是谁？,knowledge_query
无弋爰剑是谁？,knowledge_query
互助土族故土园,knowledge_query
黑马河景区介绍,knowledge_query
赵充国是谁？,knowledge_query
慕容拾寅是谁？,knowledge_query
什么是柴达木枸杞,knowledge_query
介绍李银会,knowledge_query
文成公主是谁？,knowledge_query
青藏高原相关歌曲,knowledge_query
藏族饮酒的礼仪和习俗,knowledge_query
讲一讲昌都,knowledge_query
今天的温度怎么样,knowledge_query
杯中酒挂的量越多越好吗,knowledge_query
青稞酒发展中的贡献者是谁,knowledge_query
青稞酒品牌特点工艺文化,knowledge_query
品牌特点工艺文化,knowledge_query
北山公园最佳参观时间是什么,knowledge_query
青稞酒与普通酒有什么不同,knowledge_query
青海的旅游发展战略环线路三条线路,knowledge_query
Qingkejiu's sales performance in the market,knowledge_query
青稞酒的特点是什么,knowledge_query
天佑德的大曲是自制的原因不能外购大曲的原因,knowledge_query
芝麻香型白酒的酿酒原料是什么,knowledge_query
伊尹的身份和他的故事是什么,knowledge_query
简洁表达伊尹是谁他的故事是什么,knowledge_query
天佑德酒厂能酿造的原因是什么,knowledge_query
酿造的原因是什么,knowledge_query
天佑德青稞酒包装车间简介,knowledge_query
瓷坛储存的原因是什么,knowledge_query
《青稞香型白酒》的标准是什么,knowledge_query
研发产品考虑价位区域系列是哪些,knowledge_query
原酒配比调味量有什么不同,knowledge_query
什么是《青稞香型白酒》标准？,knowledge_query
青稞酒酿造所用的青稞原料有哪些品种？,knowledge_query
公司生产的橡木青稞酒属于白酒还是威士忌？,knowledge_query
青稞酒是否存在铅含量超标？,knowledge_query
青稞酒中农残超标吗？,knowledge_query
什么是第一方、第二方和第三方实验室？,knowledge_query
公司检测中心是何时通过 CNAS 认可的？,knowledge_query
天佑德青稞酒公司的检测中心获得过什么荣誉？,knowledge_query
请介绍下天游德高粱酒公司的故事,knowledge_query
互助十二盘是什么,knowledge_query
行业影响力大吗,knowledge_query
青稞酒的酿造过程能告诉我吗,knowledge_query
你对青稞美酒和青藏高原有何见解,knowledge_query
格日勒特是谁,knowledge_query
格日勒特有什么故事,knowledge_query
格日勒特的经历或事件,knowledge_query
国之德的含义和作用能否介绍一下,knowledge_query
青稞品种有多少,knowledge_query
什么是通天河,knowledge_query
酒瓶上GB/T19331是什么意思？,knowledge_query
水为酒之血，天佑德青稞酒酿造用水来自哪里呢？,knowledge_query
其他酒厂在夏季会停产，而天佑德酒厂也能在夏季酿造，是什么原因呢？,knowledge_query
你给我推荐几个天佑德的产品吧？,knowledge_query
介绍西藏藏红花,knowledge_query
阿里地区,knowledge_query
西藏那曲冬虫夏草,knowledge_query
你能给我介绍一下天之德吗？,knowledge_query
阿咪东索景区介绍,knowledge_query
你能给我介绍一下国之德吗？,knowledge_query
西藏特产及特色美食,knowledge_query
牦牛肉是什么,knowledge_query
芝麻香型白酒的代表产品有哪些,knowledge_query
酒精度高与肝损伤有关吗,knowledge_query
盐卤的来源造成了茶卡盐和普通盐的区别,knowledge_query
天佑德青稞酒有没有检测塑化剂指标？,knowledge_query
标签标示的配料表中的物料是随意排列？,knowledge_query
天佑德技术中心通过了企业技术中心认证了吗？,knowledge_query
企业技术中心有什么作用？,knowledge_query
天佑德技术中心有多少专家人才？,knowledge_query
天佑德技术中心和外面哪些研究单位有合作？,knowledge_query
天佑德技术中心专家委员会有什么作用？,knowledge_query
狗浇尿,knowledge_query
酸奶,knowledge_query
甜醅,knowledge_query
土火锅,knowledge_query
尕面片,knowledge_query
熬饭,knowledge_query
手抓羊肉,knowledge_query
牛肉干,knowledge_query
青海烤羊肉：,knowledge_query
糌粑：,knowledge_query
黑枸杞：,knowledge_query
青稞酒：,knowledge_query
无弋爰剑是谁？,knowledge_query
北山国家森林公园位置在哪,knowledge_query
伊尹是谁？有什么故事？,knowledge_query
开耕节仪式有哪些,knowledge_query
三木德,knowledge_query
发酵是微生物在无氧条件下分解有机物的过程糖化是将淀粉转化为糖的过程,knowledge_query
刘敏宽,knowledge_query
山西白酒技术,knowledge_query
山西白酒技术有什么优势,knowledge_query
天佑德有其他青稞产品吗,knowledge_query
什么是八大作坊？,knowledge_query
评价大曲质量考虑口感香气酒体等方面综合评定,knowledge_query
大曲与小曲有何区别,knowledge_query
青稞酒的发展传承及阶段概述,knowledge_query
赵长基是谁？有什么故事？,knowledge_query
你的工作地点在哪,knowledge_query
天佑德青稞酒公司历史简介,knowledge_query
凤香型白酒发酵设备是什么,knowledge_query
简洁表达白酒发酵设备的定义/特点/作用,knowledge_query
天佑德青稞酒是什么品牌,knowledge_query
Features of Tianyoude Highland Barley Liquor,knowledge_query
液态白酒指的是以液体形式生产的白酒,knowledge_query
青稞酒是否有保质期,knowledge_query
青稞酒的特殊喝酒仪式是什么,knowledge_query
希望品尝传统的美酒,knowledge_query
赵充国是谁,knowledge_query
赵充国的故事是什么,knowledge_query
开耕节地点 15 字以内无法做到简洁表达,knowledge_query
米香型白酒生产方法,knowledge_query
互助县美丽吗是否在青稞田诞生,knowledge_query
推荐几个天佑德产品,knowledge_query
青稞酒总共经过多少道检验,knowledge_query
清香白酒的酒精度数是,knowledge_query
凤香型白酒产地,knowledge_query
互助县美丽吗市场部的挑战是什么,knowledge_query
区别在制作工艺和产品口感上,knowledge_query
青海湖的名称起源是什么,knowledge_query
“天酿工艺”青稞酒的特点是什么,knowledge_query
天佑德的酿造工艺的创造来源,knowledge_query
天佑德青稞酒对青海的贡献有哪些,knowledge_query
豉香型白酒代表是哪一种,knowledge_query
兼香型白酒的大曲是什么,knowledge_query
青稞酒酿造微生物的主要作用是什么,knowledge_query
正确评价青稞酒的方法有哪些,knowledge_query
阿咪东索,knowledge_query
格日勒特,knowledge_query
格日勒特是谁？,knowledge_query
介绍小庄土族民俗文化村,knowledge_query
小庄土族文化,knowledge_query
讲解天佑德,knowledge_query
青稞酒相关歌曲,knowledge_query
九天保是谁？,knowledge_query
三木德是谁？,knowledge_query
天佑德Logo释义,knowledge_query
赵长基是谁？,knowledge_query
天佑德为何选择大曲而非小曲,knowledge_query
AI数字虚拟人的美酒推荐如何实现,knowledge_query
天佑德与其他白酒,knowledge_query
大曲配方有何不同,knowledge_query
凤香型白酒制曲原料是什么,knowledge_query
八宝如意塔是什么？,knowledge_query
孙宝国,knowledge_query
青海藏红花是什么样的,knowledge_query
介绍青藏公路,knowledge_query
你能给我介绍一下出口型吗？,knowledge_query
西藏茶文化,knowledge_query
藏红花有什么用,knowledge_query
土族有什么忌讳,knowledge_query
彩虹部落土族园,knowledge_query
你能给我介绍一下红四星产品吗？,knowledge_query
互助土族民俗有些什么吗？,knowledge_query
你能给我介绍一下红五星产品吗？,knowledge_query
茶卡盐是什么东西,knowledge_query
什么是扎基寺,knowledge_query
冬虫夏草,knowledge_query
干部文化“八管”,knowledge_query
互助土族盘绣,knowledge_query
你能给我介绍一下小黑吗？,knowledge_query
你能给我介绍一下福酒吗？,knowledge_query
你能给我介绍一下金宝、天宝产品吗？,knowledge_query
你能给我介绍一下海拔系列吗？,knowledge_query
天佑德公益文化,knowledge_query
晒大佛是什么意思？,knowledge_query
互助土族风俗习惯有哪些,knowledge_query
张五九,knowledge_query
介绍南迦巴瓦峰,knowledge_query
介绍一下西藏的人文文化,knowledge_query
天佑德青稞酒获奖情况,knowledge_query
青海湖5个岛屿是哪些,knowledge_query
酱香白酒的特点是风格,knowledge_query
青稞酒的曲香味来自哪里,knowledge_query
互助青稞酒和天佑德青稞酒是否相关,knowledge_query
口感醇厚,knowledge_query
药香型白酒的工艺是什么,knowledge_query
酱香型白酒酿造原料高粱小麦糯米水,knowledge_query
推荐酒的方法和特别推荐,knowledge_query
请给我讲讲青稞酒的历史,knowledge_query
推荐高端青稞酒/500元以上,knowledge_query
青海互助产区为何举世闻名美酒,knowledge_query
天佑德青稞酒厂的文物保护原因,knowledge_query
天佑德酒厂是国家5A级旅游景区吗,knowledge_query
适合在青藏高原种植,knowledge_query
青稞酒是一种令人感兴趣的酒,knowledge_query
兼香型白酒的口感特点是什么,knowledge_query
介绍世义德,knowledge_query
青海湖的气候特征寒冷干燥多风降水稀少,knowledge_query
青稞酒酿造微生物的作用是什么,knowledge_query
青稞酒检测到的微量成分有哪些,knowledge_query
班彦村村史馆介绍村庄历史,knowledge_query
卓扎滩原生态景区评为“全国乡村旅游重点村”的时间是,knowledge_query
青稞有何健康益处,knowledge_query
天佑德青稞酒公司的企业文化关注质量传承青稞文化,knowledge_query
芝麻香型白酒加小麦和麸皮的原因是,knowledge_query
佑宁寺周边的环境如何,knowledge_query
青稞酒发酵所需时间是多久,knowledge_query
如何调经典青稞鸡尾酒,knowledge_query
推荐100-500元的中档青稞酒吗,knowledge_query
豉香型白酒制作步骤,knowledge_query
多粮型浓香型白酒的定义是什么,knowledge_query
天佑德青稞酒公司的主要品牌有哪些？,knowledge_query
藏族的饮食文化,knowledge_query
天佑德的酿造工艺是自主创造还是从外地传过来的？,knowledge_query
青海特产,knowledge_query
天佑德青稞酒历史上，“一祖十贤”是什么意思？,knowledge_query
天佑德名称的具体含义？,knowledge_query
讲一讲昆仑山,knowledge_query
讲一讲藏族文化,knowledge_query
天佑德青稞酒作为本土企业为青海做出的贡献有哪些？,knowledge_query
天佑德青稞酒在公益方面，都有哪些投入和案例？,knowledge_query
什么叫门源青稞,knowledge_query
天佑德“青稞助学行动”是怎么回事？,knowledge_query
天佑德青稞酒为什么不直接勾调出厂,knowledge_query
白酒适量不伤身体,knowledge_query
介绍零号酒样,knowledge_query
我是OpenAI开发的ChatGPT,knowledge_query
介绍互助牌青稞酒,knowledge_query
选择天佑德大曲用青稞和豌豆的原因是什么,knowledge_query
请介绍天佑德青稞酒的历史和特色,knowledge_query
天佑德技术中心专家数量,knowledge_query
你和李银之间的有趣故事是什么,knowledge_query
如何制作青稞鸡尾酒,knowledge_query
请告诉我关于元宇宙的更多信息,knowledge_query
九天保是谁,knowledge_query
九天保故事九天保有什么故事/他的故事是什么,knowledge_query
哪里能买到这个诱人的东西,knowledge_query
请介绍天佑德青稞酒公司的故事,knowledge_query
温酒方法和技巧,knowledge_query
青稞酒有哪些品种,knowledge_query
青稞酒的特点是什么,knowledge_query
他认真的时候是什么样子,knowledge_query
喜欢的工作探索新酿酒技术,knowledge_query
德青稞酒公司如何理解青藏文化信仰,knowledge_query
天佑德青稞酒原酒储量目前有多少,knowledge_query
酒公司管理战略和教育阶段意义是什么,knowledge_query
槐瓤曲的定义是什么,knowledge_query
区分真假酒的方法是什么,knowledge_query
请告知天佑德购买详细信息,knowledge_query
天佑德青稞酒的特色,knowledge_query
酒海是什么特点是什么,knowledge_query
青海湖在哪里,knowledge_query
合一粮食是指将曲艺和粮食结合在一起,knowledge_query
你是谁,knowledge_query
天佑德旗下的青稞产业园项目是做什么的,knowledge_query
天佑德青稞酒公司的主要品牌有哪些？,knowledge_query
藏族的饮食文化,knowledge_query
天佑德的酿造工艺是自主创造还是从外地传过来的？,knowledge_query
青海特产,knowledge_query
天佑德青稞酒历史上，“一祖十贤”是什么意思？,knowledge_query
天佑德名称的具体含义？,knowledge_query
讲一讲昆仑山,knowledge_query
讲一讲藏族文化,knowledge_query
天佑德青稞酒作为本土企业为青海做出的贡献有哪些？,knowledge_query
天佑德青稞酒在公益方面，都有哪些投入和案例？,knowledge_query
什么叫门源青稞,knowledge_query
天佑德“青稞助学行动”是怎么回事？,knowledge_query
班彦村的扶贫产业有哪些,knowledge_query
酱香型白酒储存的容器有哪些,knowledge_query
青稞酒独特优势是什么,knowledge_query
互助县区有哪些寺庙,knowledge_query
好酒,knowledge_query
你对青稞酒了解很多吗,knowledge_query
天佑德青稞酒公司的员工信仰信任自然纯净,knowledge_query
青海湖景点有哪些,knowledge_query
介绍天佑德青稞酒公司,knowledge_query
豉香白酒用何容器发酵,knowledge_query
贮存老白干香型白酒的容器是什么,knowledge_query
天佑德代表的产品是什么,knowledge_query
购买天佑德青稞酒的方式,knowledge_query
如何购买天佑德青稞酒,knowledge_query
口感纯净,knowledge_query
介绍人之德产品,knowledge_query
原浆酒是指未经加工的纯果汁发酵而成的酒,knowledge_query
最喜欢的事情是什么,knowledge_query
